slot_id,start_time,end_time,student_name,subject
1,2026-03-09T09:00:00,2026-03-09T10:00:00,,
2,2026-03-09T10:00:00,2026-03-09T11:00:00,,
3,2026-03-09T11:00:00,2026-03-09T12:00:00,,
4,2026-03-09T13:00:00,2026-03-09T14:00:00,,
5,2026-03-09T14:00:00,2026-03-09T15:00:00,,
6,2026-03-09T15:00:00,2026-03-09T16:00:00,,
7,2026-03-09T16:00:00,2026-03-09T17:00:00,,
8,2026-03-10T09:00:00,2026-03-10T10:00:00,,
9,2026-03-10T10:00:00,2026-03-10T11:00:00,,
10,2026-03-10T11:00:00,2026-03-10T12:00:00,,
11,2026-03-10T13:00:00,2026-03-10T14:00:00,,
12,2026-03-10T14:00:00,2026-03-10T15:00:00,,
13,2026-03-10T15:00:00,2026-03-10T16:00:00,,
14,2026-03-10T16:00:00,2026-03-10T17:00:00,,
15,2026-03-11T09:00:00,2026-03-11T10:00:00,,
16,2026-03-11T10:00:00,2026-03-11T11:00:00,,
17,2026-03-11T11:00:00,2026-03-11T12:00:00,,
18,2026-03-11T13:00:00,2026-03-11T14:00:00,,
19,2026-03-11T14:00:00,2026-03-11T15:00:00,,
20,2026-03-11T15:00:00,2026-03-11T16:00:00,,
21,2026-03-11T16:00:00,2026-03-11T17:00:00,,
22,2026-03-12T09:00:00,2026-03-12T10:00:00,,
23,2026-03-12T10:00:00,2026-03-12T11:00:00,,
24,2026-03-12T11:00:00,2026-03-12T12:00:00,,
25,2026-03-12T13:00:00,2026-03-12T14:00:00,,
26,2026-03-12T14:00:00,2026-03-12T15:00:00,,
27,2026-03-12T15:00:00,2026-03-12T16:00:00,,
28,2026-03-12T16:00:00,2026-03-12T17:00:00,,
29,2026-03-13T09:00:00,2026-03-13T10:00:00,,
30,2026-03-13T10:00:00,2026-03-13T11:00:00,,
31,2026-03-13T11:00:00,2026-03-13T12:00:00,,
32,2026-03-13T13:00:00,2026-03-13T14:00:00,,
33,2026-03-13T14:00:00,2026-03-13T15:00:00,,
34,2026-03-13T15:00:00,2026-03-13T16:00:00,,
35,2026-03-13T16:00:00,2026-03-13T17:00:00,,
36,2026-03-16T09:00:00,2026-03-16T10:00:00,,
37,2026-03-16T10:00:00,2026-03-16T11:00:00,,
38,2026-03-16T11:00:00,2026-03-16T12:00:00,,
39,2026-03-16T13:00:00,2026-03-16T14:00:00,,
40,2026-03-16T14:00:00,2026-03-16T15:00:00,,
41,2026-03-16T15:00:00,2026-03-16T16:00:00,,
42,2026-03-16T16:00:00,2026-03-16T17:00:00,,
43,2026-03-17T09:00:00,2026-03-17T10:00:00,,
44,2026-03-17T10:00:00,2026-03-17T11:00:00,,
45,2026-03-17T11:00:00,2026-03-17T12:00:00,,
46,2026-03-17T13:00:00,2026-03-17T14:00:00,,
47,2026-03-17T14:00:00,2026-03-17T15:00:00,,
48,2026-03-17T15:00:00,2026-03-17T16:00:00,,
49,2026-03-17T16:00:00,2026-03-17T17:00:00,,
50,2026-03-18T09:00:00,2026-03-18T10:00:00,,
51,2026-03-18T10:00:00,2026-03-18T11:00:00,,
52,2026-03-18T11:00:00,2026-03-18T12:00:00,,
53,2026-03-18T13:00:00,2026-03-18T14:00:00,,
54,2026-03-18T14:00:00,2026-03-18T15:00:00,,
55,2026-03-18T15:00:00,2026-03-18T16:00:00,,
56,2026-03-18T16:00:00,2026-03-18T17:00:00,,
57,2026-03-19T09:00:00,2026-03-19T10:00:00,,
58,2026-03-19T10:00:00,2026-03-19T11:00:00,,
59,2026-03-19T11:00:00,2026-03-19T12:00:00,,
60,2026-03-19T13:00:00,2026-03-19T14:00:00,,
61,2026-03-19T14:00:00,2026-03-19T15:00:00,,
62,2026-03-19T15:00:00,2026-03-19T16:00:00,,
63,2026-03-19T16:00:00,2026-03-19T17:00:00,,
64,2026-03-20T09:00:00,2026-03-20T10:00:00,,
65,2026-03-20T10:00:00,2026-03-20T11:00:00,,
66,2026-03-20T11:00:00,2026-03-20T12:00:00,,
67,2026-03-20T13:00:00,2026-03-20T14:00:00,,
68,2026-03-20T14:00:00,2026-03-20T15:00:00,,
69,2026-03-20T15:00:00,2026-03-20T16:00:00,,
70,2026-03-20T16:00:00,2026-03-20T17:00:00,,
